اداره,وحده,من الاولي الي الرابعه,الخامسه والمنشطه,بي سي جي
أولاد صقر,ابراهيم حسن,الإثنين 2، الإثنين 4,الإثنين 2,
أولاد صقر,ابو راشد,الإثنين 2، الإثنين 4,الإثنين 4,
أولاد صقر,ابوطاحون,الإثنين 2، الإثنين 4,الإثنين 4,
أولاد صقر,ابوعوينات,الخميس 2، الخميس 4,الخميس 4,
أولاد صقر,الشوافين,الأحد,الأحد 2، الأحد 4,
أولاد صقر,الصوفيه,السبت، الإثنين، الثلاثاء، الخميس,الثلاثاء,السبت
أولاد صقر,الفرايحه,الخميس 2، الخميس 4,الخميس 4,
أولاد صقر,المنشر,السبت 2، السبت 4,السبت 4,
أولاد صقر,اولاد صقر,السبت، الأحد، الإثنين، الثلاثاء، الأربعاء,الأحد، الأربعاء,السبت، الثلاثاء
أولاد صقر,بنى حسن,الخميس,الخميس 1، الخميس 3,
أولاد صقر,بنى عبس,السبت 2، السبت 4,,
أولاد صقر,بنى منصور,الأربعاء 2، الأربعاء 4,الأربعاء 2، الأربعاء 4,
أولاد صقر,ترعه البطيخ,الثلاثاء 2، الثلاثاء 4,الثلاثاء 2، الثلاثاء 4,
أولاد صقر,تلراك,السبت، الإثنين,الإثنين,السبت 2، السبت 4
أولاد صقر,جزيره الشافعى,الإثنين 2، الإثنين 4,الإثنين 2، الإثنين 4,
أولاد صقر,جزيره الفرس,الإثنين 2، الإثنين 4,,
أولاد صقر,جزيره مطاوع,الأحد,الأحد 1، الأحد 3,
أولاد صقر,حماده,الأربعاء 2، الأربعاء 4,الأربعاء 2، الأربعاء 4,
أولاد صقر,راغب,الثلاثاء 2، الثلاثاء 4,الثلاثاء 2,
أولاد صقر,زور ابوالليل,الأحد، الأربعاء 1، الأربعاء 3,الأربعاء 1، الأربعاء 3,الأحد 3
أولاد صقر,قصاصين الازهار,السبت، الأربعاء,الأربعاء,السبت
أولاد صقر,منشاه الامير,الثلاثاء 2، الثلاثاء 4,الثلاثاء 2، الثلاثاء 4,
أولاد صقر,منشاه السادات,الأربعاء 2، الأربعاء 4,الأربعاء 4,
ابو كبير,ابوياسين,الأحد,الأحد,
ابو كبير,الاحراز,الإثنين 2، الإثنين 4,الإثنين 2,
ابو كبير,الحصوه,السبت، الثلاثاء,الثلاثاء,السبت 2، السبت 5
ابو كبير,الحمادين ام عثمان,الأحد 2، الأحد 5,,
ابو كبير,الدهتمون,الأحد,الأحد,الأحد 3
ابو كبير,الرحمانيه,السبت 5، الأربعاء,الأربعاء,السبت 5
ابو كبير,الرياض,الأحد,الأحد 2، الأحد 5,
ابو كبير,الزرزورية,الإثنين,الإثنين 2، الإثنين 4,
ابو كبير,الشيخ رزيق,الأربعاء 3، الأربعاء 4,الأربعاء 3,
ابو كبير,الطوخى,الأحد 2، الأحد 5,الأحد 2، الأحد 5,
ابو كبير,العزازيه,الثلاثاء 2، الثلاثاء 4,الثلاثاء 2,
ابو كبير,الغابه,الإثنين 3، الإثنين 4,الإثنين 3، الإثنين 4,
ابو كبير,القراموص,الأحد 5، الأربعاء,الأربعاء 2، الأربعاء 4,الأحد 5
ابو كبير,المركزالطبى,السبت، الأحد، الإثنين، الثلاثاء، الأربعاء، الخميس,السبت، الأحد 4، الثلاثاء، الأربعاء 1,السبت، الثلاثاء
ابو كبير,المشاعله,السبت 5، الأربعاء,الأربعاء 2، الأربعاء 4,السبت 5
ابو كبير,المهملى,الثلاثاء 3، الثلاثاء 4,الثلاثاء 3,
ابو كبير,اولاد موسى,الأربعاء,الأربعاء 2، الأربعاء 4,الأربعاء 3
ابو كبير,بنى عياض,الإثنين,الإثنين,
ابو كبير,سنتريس,الإثنين,الإثنين 2، الإثنين 4,الإثنين 3
ابو كبير,طوخ القراموص,السبت، الثلاثاء,الثلاثاء,السبت 2، السبت 4
ابو كبير,فراشه,الثلاثاء,الثلاثاء 2، الثلاثاء 4,الثلاثاء 3
ابو كبير,كفر هربيط,الأحد,الأحد 2، الأحد 5,
ابو كبير,منزل  ميمون,الإثنين,الإثنين 2، الإثنين 4,
ابو كبير,منشاة صدقى,الأحد 2، الأحد 5,الأحد 2، الأحد 5,
ابو كبير,منشاه رضوان,الإثنين، الأربعاء,الإثنين,الأربعاء 3
ابو كبير,نزله خيال,الإثنين,الإثنين 2، الإثنين 4,
ابو كبير,هربيط,الأحد، الأربعاء,الأربعاء,الأحد 2، الأحد 4
ابو كبير,وحدة حمد موسى,الإثنين 3، الإثنين 4,الإثنين 3، الإثنين 4,
ابوحماد,أبو زهران,الثلاثاء,الثلاثاء 2، الثلاثاء 4,
ابوحماد,ابوالنور,الثلاثاء,الثلاثاء 2، الثلاثاء 4,
ابوحماد,ابوحماد اول,السبت، الأحد، الإثنين، الثلاثاء، الأربعاء، الخميس,السبت، الثلاثاء، الخميس,الأحد، الإثنين، الأربعاء
ابوحماد,الاسديه,الأحد، الأربعاء,الأربعاء,الثلاثاء 2، الثلاثاء 4
ابوحماد,البوزه,الأحد، الثلاثاء 4,الأحد,الثلاثاء 4
ابوحماد,الجعفريه,الإثنين,الإثنين 2، الإثنين 4,الثلاثاء 4
ابوحماد,الحريه,السبت,السبت,السبت 3
ابوحماد,الحلميه,السبت، الإثنين 2، الإثنين 4,الإثنين 2، الإثنين 4,السبت 3
ابوحماد,الخيس,الإثنين,الإثنين 2، الإثنين 4,الثلاثاء 4
ابوحماد,السعدية,السبت,السبت,
ابوحماد,السناجره,الثلاثاء,الثلاثاء 2، الثلاثاء 4,
ابوحماد,الشيخ جبيل,الثلاثاء,الثلاثاء 2، الثلاثاء 4,
ابوحماد,الصوه,الأحد، الأربعاء,الأحد 1، الأحد 2، الأربعاء,الثلاثاء 4
ابوحماد,العباسه,الأربعاء,الأربعاء 2، الأربعاء 4,
ابوحماد,العراقى,الأحد,الأحد 2، الأحد 4,
ابوحماد,القطاويه,الأحد، الثلاثاء,الأحد,الثلاثاء
ابوحماد,الملاك,السبت، الثلاثاء,الثلاثاء,السبت 2، السبت 4
ابوحماد,بحطيط,السبت,السبت,السبت 1
ابوحماد,بنى ايوب,الأحد,الأحد,
ابوحماد,تل مفتاح,الثلاثاء,الثلاثاء 2، الثلاثاء 4,الثلاثاء 3
ابوحماد,صفط الحنه,الثلاثاء,الثلاثاء 2، الثلاثاء 4,الثلاثاء 3
ابوحماد,عليم,الثلاثاء,الثلاثاء 2، الثلاثاء 4,
ابوحماد,عمريط,السبت 1، الأحد، الأربعاء,الأحد 5، الأربعاء,السبت
ابوحماد,كشيك,الإثنين,الإثنين 2، الإثنين 4,
ابوحماد,كفر أبو مسلم,الثلاثاء,الثلاثاء 2، الثلاثاء 4,
ابوحماد,كفر العزازى,الأحد، الثلاثاء,الثلاثاء,السبت 5
ابوحماد,كفر حافظ,الثلاثاء,الثلاثاء 2، الثلاثاء 4,
ابوحماد,كفر زيدان منديل,الخميس 2، الخميس 4,الخميس 2,
ابوحماد,كفر عياد,الخميس,الخميس 2، الخميس 4,
ابوحماد,مركز طبى أبو حماد,السبت، الأحد، الثلاثاء، الأربعاء,الأحد، الأربعاء,السبت، الثلاثاء
ابوحماد,منشاه العباسه,الثلاثاء,الثلاثاء 2، الثلاثاء 4,
ابوحماد,ميت ردين,الإثنين، الخميس,الخميس,الثلاثاء 1
الابراهيمية,ابوكلوبة,الأربعاء 1، الأربعاء 3,الأربعاء 1,
الابراهيمية,الابراهيميه,السبت، الأحد، الإثنين، الثلاثاء، الأربعاء,الأحد، الثلاثاء,السبت، الثلاثاء
الابراهيمية,البكاكرة,الأحد 1، الأحد 3,,
الابراهيمية,الجلايله,الإثنين 2,الإثنين 4,
الابراهيمية,الحبش,الأحد,الأحد 2، الأحد 4,
الابراهيمية,الحلوات,الثلاثاء,الثلاثاء 2، الثلاثاء 4,
الابراهيمية,السدس,الأربعاء 1، الأربعاء 3,الأربعاء 1، الأربعاء 3,
الابراهيمية,العشماوى,الإثنين 1، الإثنين 3,الإثنين 3,
الابراهيمية,تل محمد,الإثنين,الإثنين 2، الإثنين 4,
الابراهيمية,كفر عوض سليمان,الأربعاء 1، الأربعاء 3,,
الابراهيمية,كفر محسن,الأحد,الأحد,
الابراهيمية,كفور نجم,السبت، الإثنين، الثلاثاء، الأربعاء,السبت، الأربعاء,الإثنين
الابراهيمية,مباشر,السبت,السبت,
الحسينيه,ازولين,الأحد,الأحد,السبت 5
الحسينيه,الاخيوه,الأحد، الأربعاء,الأحد,السبت 2، السبت 5
الحسينيه,الجما ليه,الثلاثاء,الثلاثاء 2، الثلاثاء 4,الثلاثاء 4
الحسينيه,الخلايلة بالحمادين,الأربعاء,الأربعاء 1، الأربعاء 3,السبت 4
الحسينيه,الشيخ بشير,الإثنين 2، الإثنين 4,الإثنين 2، الإثنين 4,
الحسينيه,الصالحية ثلاثة,الإثنين,الإثنين 4، الأربعاء 1، الأربعاء 3,السبت 2، السبت 4
الحسينيه,الملكيين البحريه,الثلاثاء,الثلاثاء,الثلاثاء 4
الحسينيه,المناجاة الصغري,الأحد، الثلاثاء 4,الأحد 1، الأحد 4,الثلاثاء 4
الحسينيه,المناجاه الكبرى,الأربعاء,الأربعاء 1، الأربعاء 3,السبت 4
الحسينيه,ام  صوير,الإثنين 2، الإثنين 4,الإثنين 2، الإثنين 4,السبت 4
الحسينيه,بحرالبقر,الأحد، الثلاثاء، الخميس,الأحد، الثلاثاء,الثلاثاء
الحسينيه,سبعة الصالحية,الثلاثاء 2، الثلاثاء 4,الثلاثاء 2، الثلاثاء 4,الثلاثاء 2
الحسينيه,سعود,السبت، الإثنين، الثلاثاء، الخميس,الإثنين، الخميس,الثلاثاء
الحسينيه,سماكين الشرق,الثلاثاء,الثلاثاء,الثلاثاء 4
الحسينيه,سماكين الغرب,السبت، الثلاثاء,الثلاثاء,السبت 2، السبت 4
الحسينيه,شراره,الأربعاء 2، الأربعاء 4,الأربعاء 2,
الحسينيه,شهداء بحر البقر اثنان,الإثنين,الإثنين,السبت 4
الحسينيه,عزبه المناجاه,الأحد,الأحد 2، الأحد 4,السبت 5
الحسينيه,عليوة,الإثنين,الإثنين 3، الإثنين 4,الثلاثاء 4
الحسينيه,قصاصين الشرق,الإثنين,الأربعاء 1، الأربعاء 3,السبت 5
الحسينيه,قهبونه,الثلاثاء,الثلاثاء,السبت 5
الحسينيه,كمال عزب,الثلاثاء 2، الثلاثاء 4,الثلاثاء 4,
الحسينيه,مركز طبي الحسينية,السبت، الأحد، الإثنين، الثلاثاء، الأربعاء، الخميس,الأحد، الأربعاء,السبت، الثلاثاء
الحسينيه,منشاه ابوعامر,الثلاثاء,الثلاثاء,الثلاثاء 4
الحسينيه,وحدة طب اسرة بشارة الطحاوى,الثلاثاء,الثلاثاء 3,
الزقازيق,الز هراء,الخميس,الخميس 2، الخميس 4,الخميس 1
الزقازيق,الزقازيق ثالث,السبت، الأحد، الإثنين، الثلاثاء، الأربعاء، الخميس,السبت، الإثنين، الأربعاء، الخميس,السبت، الثلاثاء
الزقازيق,الزقازيق ثان,السبت، الأحد، الإثنين، الثلاثاء، الأربعاء، الخميس,السبت، الأحد، الإثنين، الثلاثاء، الأربعاء، الخميس,السبت، الثلاثاء
الزقازيق,الزنكلون,السبت، الثلاثاء,الثلاثاء,السبت 2، السبت 4
الزقازيق,الشبانات,السبت، الإثنين,الإثنين,السبت 1
الزقازيق,العصلوجى,الأحد، الخميس,الأحد,الخميس 1، الخميس 3
الزقازيق,العلو يه,الإثنين,الإثنين 1، الإثنين 3,الإثنين 4
الزقازيق,الغار,الإثنين,الإثنين 2، الإثنين 4,الإثنين 1
الزقازيق,انشاص البصل,الثلاثاء,الثلاثاء 2، الثلاثاء 4,الثلاثاء 1
الزقازيق,بردين,السبت، الثلاثاء,السبت,الثلاثاء 2، الثلاثاء 4
الزقازيق,بنى عامر,السبت، الإثنين,الإثنين,السبت 4
الزقازيق,بيشه قايد,الإثنين,الإثنين 2، الإثنين 4,
الزقازيق,جزيره السعاده,الأحد,الأحد 1، الأحد 3,
الزقازيق,رعاية اول,الأحد، الثلاثاء,الثلاثاء,
الزقازيق,رعاية ثالث,السبت، الثلاثاء,السبت، الثلاثاء,
الزقازيق,شرويده,الإثنين,الإثنين 2، الإثنين 3,
الزقازيق,شوبك بسطا,الأحد، الثلاثاء,الأحد,الثلاثاء 2
الزقازيق,صفيطه,الأحد,الأحد,الأحد 4
الزقازيق,طاروط,السبت، الإثنين,الإثنين,السبت 4
الزقازيق,طحله بردين,السبت، الأربعاء,الأربعاء,الأربعاء 1
الزقازيق,طهره حميد,الإثنين,الإثنين 1، الإثنين 3,الإثنين 4
الزقازيق,غزاله الخيس,السبت، الثلاثاء,الثلاثاء,السبت 3
الزقازيق,كفر  الحمام,الأحد,الأحد 1، الأحد 3,الأحد 4
الزقازيق,كفر اباظه,السبت، الإثنين,الإثنين,السبت 4
الزقازيق,كفر احمد جبران,السبت,السبت 1، السبت 3,
الزقازيق,كفر دونهيا,الإثنين,الإثنين 1، الإثنين 3,الإثنين 4
الزقازيق,كفر عوض الله حجازى,الثلاثاء,الثلاثاء 1، الثلاثاء 3,
الزقازيق,كفر مكاوى,الأربعاء 2، الأربعاء 4,الأربعاء 1، الأربعاء 3,
الزقازيق,كفر موسى عمران,الثلاثاء,الثلاثاء 2، الثلاثاء 4,الثلاثاء 3
الزقازيق,مركز طبى النحال,السبت، الأحد، الإثنين، الثلاثاء، الأربعاء، الخميس,السبت، الإثنين، الأربعاء، الخميس,السبت، الثلاثاء
الزقازيق,مشتول القاضى,السبت، الإثنين,الإثنين,السبت 4
الزقازيق,منشاة ابو الاخضر,الثلاثاء,الثلاثاء 1، الثلاثاء 3,الثلاثاء 4
الزقازيق,ميت ابوعلى,السبت,السبت 1، السبت 3,السبت 4
الزقازيق,نشوه,الأربعاء,الأربعاء 1، الأربعاء 3,الأربعاء 4
الزقازيق,هريه رزنه,السبت، الإثنين,الإثنين,السبت 4
الصالحية الجديدة,طب أسرة التلاتة,الإثنين,الإثنين 1، الإثنين 3,الإثنين 4
الصالحية الجديدة,طب أسرة سوادة,السبت 3، السبت 5، الإثنين، الثلاثاء,السبت، الثلاثاء 4,السبت 2، السبت 4
الصالحية الجديدة,طب أسرة عرب الروض,الإثنين 2، الأربعاء 4,الأربعاء 4,
الصالحية الجديدة,طب اسرة الخطارة,السبت، الثلاثاء,السبت 2، السبت 4,الثلاثاء 4
الصالحية الجديدة,طب اسرة الشيخ زايد,الثلاثاء 2، الثلاثاء 4,الثلاثاء 2,
الصالحية الجديدة,طب اسرة الصالحية القروى,السبت، الثلاثاء، الخميس,السبت,الثلاثاء 2، الثلاثاء 4
الصالحية الجديدة,طب اسرة غصن الزيتون,الأحد، الثلاثاء,الثلاثاء 1، الثلاثاء 4,الثلاثاء 3
الصالحية الجديدة,طب اسرة محمد على,الإثنين,الإثنين 1، الإثنين 3,
الصالحية الجديدة,طب اسرة ناحوم,الأربعاء,الأربعاء 1، الأربعاء 3,الأربعاء 4
الصالحية الجديدة,مركز طب أسرة الروضة,الإثنين، الأربعاء,الثلاثاء 2، الثلاثاء 4,الثلاثاء 1، الثلاثاء 3
الصالحية الجديدة,مركز طبي ابني بيتك,الإثنين 2، الإثنين 4,,
الصالحية الجديدة,مركز طبى الصالحية ثان,الثلاثاء,الثلاثاء 1، الثلاثاء 3,الثلاثاء 2
الصالحية الجديدة,مركز طبى الصالحيةاول,السبت، الأحد، الأربعاء,الأحد,السبت 1، السبت 4
الصالحية الجديدة,وحدة طب اسرة أبو نبيذ,الثلاثاء,الثلاثاء 1، الثلاثاء 4,
الصالحية الجديدة,وحدة طب اسرة العزازى,السبت، الأربعاء,الأربعاء 2، الأربعاء 4,السبت 1
الصالحية الجديدة,وحدة طب اسرة العلاوية,الأربعاء 4، الخميس 2,الأربعاء 4، الخميس 2,
العاشر من رمضان,الحى 15ج,الأحد، الإثنين,الأحد,
العاشر من رمضان,الحى 15ق,الثلاثاء,الثلاثاء,
العاشر من رمضان,الحى الرابع عشر ابنى بيتك,الإثنين، الثلاثاء، الأربعاء,الثلاثاء، الأربعاء,
العاشر من رمضان,الحى16,الإثنين، الثلاثاء,الإثنين,
العاشر من رمضان,مركز الحي (30),السبت,السبت,
العاشر من رمضان,مركز صحة الحي الحادي عشر,الخميس 1، الخميس 3,الخميس 1، الخميس 3,الخميس 3
العاشر من رمضان,مركز صحة الحي العاشر أ,الأحد 1، الأحد 3,الأحد 1، الأحد 3,
العاشر من رمضان,مركز طبى الحى الثانى عشر  ابنى بيتك,الثلاثاء، الأربعاء، الخميس,الثلاثاء، الخميس,الأربعاء
العاشر من رمضان,مركز طبى الحى العاشر ابنى بيتك,الإثنين، الثلاثاء,الإثنين، الثلاثاء,
العاشر من رمضان,مركز طبي العاشر اول,السبت، الأحد، الإثنين، الثلاثاء، الأربعاء,السبت، الإثنين، الأربعاء,السبت، الثلاثاء
العاشر من رمضان,مركز طبى حى 16 الجديد,السبت، الأربعاء,السبت، الأربعاء,
العاشر من رمضان,مركز طبى حى العاشر غرب,الخميس,الخميس,
العاشر من رمضان,مركز طبى مجاوره اثنى عشر,السبت، الأحد، الإثنين، الثلاثاء,الأحد، الإثنين,السبت، الثلاثاء
العاشر من رمضان,مركز طبى مجاوره اربعه وخمسون,الإثنين، الثلاثاء، الأربعاء,الإثنين، الأربعاء,الثلاثاء
العاشر من رمضان,مركز طبى مجاوره اربعين,الإثنين، الثلاثاء، الخميس,الإثنين، الخميس,الثلاثاء
العاشر من رمضان,مركز طبى مجاوره ثمانية وعشرون,الإثنين، الثلاثاء، الأربعاء,الثلاثاء، الأربعاء,
العاشر من رمضان,مركز طبى مجاوره سته واربعون,الأحد، الإثنين,الأحد، الإثنين,
العاشر من رمضان,مرمز طبى حى 31,الثلاثاء,الثلاثاء,
القرين,كفر موسى شكر,الأحد 3,,
القرين,مركز طب أسرة الهيصمية,الأحد، الثلاثاء، الخميس,الأحد,الثلاثاء 2، الثلاثاء 4
القرين,مركز طبى القرين,السبت، الثلاثاء، الخميس,السبت,الثلاثاء 1، الثلاثاء 3
القرين,مكتب صحة القرين,السبت، الأحد، الإثنين، الثلاثاء، الأربعاء، الخميس,الأحد، الثلاثاء، الأربعاء، الخميس,السبت
القرين,وحدة طب أسرة الطويلة,الثلاثاء، الخميس,الخميس,الثلاثاء 4
القرين,وحدة طب أسرة بحر الهوي,الثلاثاء,الثلاثاء 2، الثلاثاء 4,
القنايات,مركز طب أسرة بهنباى,السبت، الثلاثاء، الأربعاء,الأربعاء,الثلاثاء 1، الثلاثاء 3
القنايات,مركز طب اسرة شنبارة الميمونة,السبت، الأحد، الثلاثاء,الأحد,السبت
القنايات,مركز طبى القنايات,السبت، الأحد، الثلاثاء، الأربعاء، الخميس,الأحد، الأربعاء,الثلاثاء
القنايات,وحدة البيوم,السبت، الثلاثاء,الثلاثاء,السبت 1، السبت 3
القنايات,وحدة بنى شبل,السبت، الأحد، الثلاثاء,الأحد,السبت
القنايات,وحدة طب أسرة أبو زيد,الثلاثاء 1، الثلاثاء 3,الثلاثاء 1، الثلاثاء 3,
القنايات,وحدة طب أسرة أم الزين,السبت، الأحد، الثلاثاء، الأربعاء,الأحد، الأربعاء,السبت
القنايات,وحدة طب أسرة أم رماد,السبت، الثلاثاء,السبت,الثلاثاء 1
القنايات,وحدة طب أسرة الطيبة,السبت، الثلاثاء,السبت,الثلاثاء 1، الثلاثاء 3
القنايات,وحدة طب أسرة تل مسمار,الثلاثاء 1، الثلاثاء 3,الثلاثاء 1، الثلاثاء 3,
القنايات,وحدة طب أسرة شيبة النكارية,السبت، الإثنين، الثلاثاء,الإثنين,الثلاثاء
القنايات,وحدة طب أسرة فرسيس,السبت، الثلاثاء,السبت,الثلاثاء 4
القنايات,وحدة طب بنى عباد,السبت، الثلاثاء,الثلاثاء,السبت 1، السبت 3
القنايات,وحدة ميت أبو عربى,السبت، الثلاثاء,الثلاثاء,السبت 5
بلبيس,أولاد سيف,السبت، الثلاثاء,السبت,الثلاثاء 4
بلبيس,أولاد مهنا,السبت، الثلاثاء,السبت,الثلاثاء 4
بلبيس,البلاشون,السبت، الإثنين، الأربعاء,الإثنين,السبت 5
بلبيس,الجوسق,السبت، الأربعاء,الأربعاء,السبت 2، السبت 4
بلبيس,الزوامل,السبت، الإثنين، الأربعاء,الإثنين,السبت 2، السبت 4
بلبيس,السلام,السبت، الإثنين، الثلاثاء، الأربعاء,الإثنين، الأربعاء,السبت 5
بلبيس,الشغابنه,السبت، الإثنين,الإثنين,
بلبيس,الشوليه,الثلاثاء 1، الثلاثاء 3,الثلاثاء 1، الثلاثاء 3,
بلبيس,العدليه,السبت، الإثنين,الإثنين,السبت 5
بلبيس,الكتيبه,السبت، الأربعاء,الأربعاء,السبت 5
بلبيس,الكفر القديم,السبت، الإثنين,الإثنين,
بلبيس,المبارك,الثلاثاء 2، الثلاثاء 4,الثلاثاء 2، الثلاثاء 4,الثلاثاء 4
بلبيس,المركز الطبى ببلبيس,السبت، الأحد، الإثنين، الثلاثاء، الأربعاء، الخميس,السبت، الأحد، الإثنين، الثلاثاء، الأربعاء، الخميس,السبت، الأحد، الإثنين، الثلاثاء، الأربعاء، الخميس
بلبيس,انشاص  الرمل,السبت، الأحد، الإثنين، الثلاثاء، الأربعاء,الإثنين، الأربعاء,السبت
بلبيس,بساتين الاسماعيليه,السبت، الإثنين، الأربعاء,الإثنين,السبت 2، السبت 5
بلبيس,بساتين بركات,السبت، الثلاثاء، الخميس,الثلاثاء,السبت 2، السبت 4
بلبيس,بنى  صالح,الثلاثاء 2، الثلاثاء 4,الثلاثاء 2، الثلاثاء 4,الثلاثاء 4
بلبيس,بير عماره,السبت، الإثنين,الإثنين,السبت 5
بلبيس,جلفينا,السبت، الإثنين,الإثنين,السبت 5
بلبيس,حفنا,السبت، الثلاثاء,الثلاثاء,السبت 5
بلبيس,حوض  الندى,السبت، الإثنين,الإثنين,السبت 5
بلبيس,سلمنت,السبت، الثلاثاء,السبت,الثلاثاء 2
بلبيس,سندنهور,السبت، الإثنين,الإثنين,السبت 5
بلبيس,شبرا النخله,السبت، الإثنين، الأربعاء,الإثنين,السبت 2، السبت 4
بلبيس,قرمله,السبت، الثلاثاء,السبت,الثلاثاء 4
بلبيس,كفر  ابراهيم,السبت، الأربعاء 1، الأربعاء 4,الأربعاء 1، الأربعاء 4,السبت 5
بلبيس,كفر اكياد,السبت، الأربعاء,الأربعاء,السبت 5
بلبيس,كفر ايوب سليمان,السبت، الثلاثاء,السبت,الثلاثاء 4
بلبيس,منيه سنتا,السبت، الإثنين,الإثنين,
بلبيس,ميت  حبيب,السبت، الثلاثاء,السبت,الثلاثاء 4
بلبيس,ميت جابر,السبت، الإثنين,الإثنين,السبت 2، السبت 4
بلبيس,ميت حمل,السبت، الإثنين,الإثنين,السبت 5
بلبيس,ميت معلا,السبت، الثلاثاء,السبت,الثلاثاء 4
بلبيس,نوبه والدهاشنه,الإثنين، الأربعاء,الإثنين,السبت 5
ديرب نجم,ابومتنا,الإثنين,الإثنين 3,
ديرب نجم,اكراش,الأحد,الأحد,الأحد 2
ديرب نجم,اكوه,السبت، الثلاثاء,الثلاثاء,الثلاثاء 1، الثلاثاء 3
ديرب نجم,الصانيه,الإثنين,الإثنين,الإثنين 3
ديرب نجم,الصوينى,الإثنين,الإثنين 2، الإثنين 4,
ديرب نجم,العصايد,الثلاثاء,الثلاثاء,
ديرب نجم,المجفف,الأحد,الأحد,الأحد 1، الأحد 4
ديرب نجم,الهوابر,الثلاثاء,الثلاثاء,
ديرب نجم,برمكيم,الثلاثاء,الثلاثاء 3,
ديرب نجم,بهنيا,الأحد، الأربعاء,الأحد,الأحد 2، الأحد 4
ديرب نجم,جميزه بنى عمرو,الأحد، الثلاثاء,الثلاثاء,الثلاثاء 3
ديرب نجم,حسن البنا,الأربعاء 4,الأربعاء 4,
ديرب نجم,دبيج,الأربعاء,الأربعاء 2، الأربعاء 3,
ديرب نجم,ديرب السوق,الإثنين، الأربعاء 4,الأربعاء,
ديرب نجم,ديرب نجم اول,السبت، الأحد، الإثنين، الثلاثاء، الأربعاء، الخميس,الأحد، الأربعاء,السبت، الثلاثاء
ديرب نجم,ديرب نجم ثان,الإثنين، الأربعاء,الأربعاء,
ديرب نجم,شبرا صوره,الإثنين,الإثنين 2، الإثنين 3,
ديرب نجم,شمباره منقلا,الثلاثاء,الثلاثاء,
ديرب نجم,شوبك اكراش,السبت 2، السبت 4,السبت 4,
ديرب نجم,صافور,الأحد، الثلاثاء، الخميس,الخميس,الثلاثاء
ديرب نجم,صفط زريق,الإثنين، الخميس,الإثنين,الإثنين 1، الإثنين 4
ديرب نجم,طحا المرج,الأحد، الأربعاء,الأربعاء,
ديرب نجم,عودة سالم,الثلاثاء 2، الثلاثاء 4,الثلاثاء 2,
ديرب نجم,فرغان,الأربعاء,الأربعاء,الأربعاء 4
ديرب نجم,قرموط صهبره,الإثنين,الإثنين 2، الإثنين 3,
ديرب نجم,كراديس,الإثنين,الإثنين,
ديرب نجم,كفر اللبا,الثلاثاء,الثلاثاء,
ديرب نجم,كفر جنيدى,الإثنين,,
ديرب نجم,مناحريت,الثلاثاء,الثلاثاء,
ديرب نجم,منشاه صهبره,الأحد، الأربعاء,الأحد، الأربعاء 4,
صان الحجر,الإتحاد,الأحد 2، الأحد 4,الأحد 4,
صان الحجر,البرادعيه,الإثنين 2، الإثنين 4,,
صان الحجر,البكارشة,الإثنين 2، الإثنين 4,الإثنين 2، الإثنين 4,
صان الحجر,الرجايله,الثلاثاء 2، الثلاثاء 4,الثلاثاء 2,
صان الحجر,الرست,الثلاثاء 2، الثلاثاء 4,الثلاثاء 2,
صان الحجر,القصبى شرق,الثلاثاء 2، الثلاثاء 4,الثلاثاء 2، الثلاثاء 4,
صان الحجر,القصبى غرب,الإثنين 2، الإثنين 4,الإثنين 4,
صان الحجر,الملاحة,الأربعاء 2، الأربعاء 4,الأربعاء 2، الأربعاء 4,
صان الحجر,الناصريية,الأحد,الأحد,الأحد 5
صان الحجر,النجيحى,الثلاثاء 1، الثلاثاء 3,الثلاثاء 1,
صان الحجر,تانيس,الأربعاء 1، الأربعاء 3,الأربعاء 1، الأربعاء 3,
صان الحجر,خمسة خفرع,الأحد 1، الأحد 3,الأحد 1,
صان الحجر,صان البحرية,الإثنين 2، الإثنين 4,الإثنين 2، الإثنين 4,
صان الحجر,صان القبلية,السبت، الثلاثاء، الخميس,الخميس,السبت، الثلاثاء
صان الحجر,عبد العزيز الإمام,الإثنين 2، الإثنين 4,الإثنين 2، الإثنين 4,
صان الحجر,مساعيد,الإثنين,الإثنين,الإثنين 4
صان الحجر,وكيل النيابه,الأربعاء 2، الأربعاء 4,الأربعاء 2، الأربعاء 4,
فاقوس,أبو عاصى,الأحد 2، الأحد 4,,
فاقوس,أشكر,الأحد,الأحد 2، الأحد 4,الأحد 3
فاقوس,إكياد البحرية,الأحد,الثلاثاء,الأحد 1، الأحد 3
فاقوس,إكياد القبلية,السبت، الخميس 1، الخميس 2,الخميس,السبت 2، السبت 5
فاقوس,اكفر الأشقم,الأربعاء 2، الأربعاء 4,الأربعاء 2، الأربعاء 4,
فاقوس,البيروم,الأحد,الأحد,
فاقوس,الخواطرة,الأربعاء 2,,
فاقوس,الدميين,السبت 2، السبت 4,السبت 4,
فاقوس,الديدامون,السبت، الأربعاء,الأربعاء,
فاقوس,الزاوية الحمراء,الإثنين 1، الإثنين 3,الإثنين 1، الإثنين 3,
فاقوس,السماعنة,السبت، الثلاثاء,الثلاثاء,السبت 2، السبت 4
فاقوس,السنيطة,الإثنين، الأربعاء,الأربعاء,الإثنين 1، الإثنين 3
فاقوس,العارين,الخميس 2، الخميس 4,الخميس 2,الخميس 4
فاقوس,الفدادنة,الإثنين,الإثنين 1، الإثنين 3,الإثنين 4
فاقوس,اللأخميين,الأحد 2، الأحد 4,الأحد 4,
فاقوس,النحاسين,الإثنين,الإثنين 1، الإثنين 3,
فاقوس,النمروط,الأحد، الأربعاء,الأربعاء,الأحد 1، الأحد 4
فاقوس,النوافعة,الإثنين، الخميس 4,الخميس,الإثنين 1، الإثنين 3
فاقوس,الودايعه,الأربعاء,الأربعاء 1، الأربعاء 3,
فاقوس,جزيرة النص,الثلاثاء,الثلاثاء 1، الثلاثاء 3,الثلاثاء 4
فاقوس,جهينة القبلية,الإثنين,الإثنين 1، الإثنين 3,
فاقوس,دوامة,السبت، الثلاثاء 2، الثلاثاء 4,الثلاثاء,السبت 1، السبت 3
فاقوس,عرب درويش,الثلاثاء، الأربعاء,الأربعاء,الثلاثاء
فاقوس,عزبة نعمان,الخميس 1، الخميس 3,الخميس 1، الخميس 3,
فاقوس,قنتير,الأحد، الخميس,الخميس,الأحد 5
فاقوس,كفر الحاج عمر,الأحد,الأحد 3، الأحد 5,الأحد 5
فاقوس,كفر العلماء,الثلاثاء 2، الثلاثاء 4,الثلاثاء 2، الثلاثاء 4,
فاقوس,كفر شاويش,السبت، الإثنين، الأربعاء,الأربعاء,السبت
فاقوس,كفر محمد إسماعيل,الأربعاء,الأربعاء 2، الأربعاء 4,
فاقوس,مركز طب أسرة الصوالح,الإثنين، الخميس,الخميس,الإثنين 2، الإثنين 4
فاقوس,مركز طب أسرة الغزالي,الأربعاء,الأربعاء 1، الأربعاء 3,الأربعاء 4
فاقوس,مركز طب أسرة بني صريد,الإثنين,الإثنين 1، الإثنين 3,الإثنين 4
فاقوس,مركز طبى فاقوس,السبت، الإثنين,الإثنين,السبت
فاقوس,مكتب صحة فاقوس أول,السبت، الأحد، الإثنين، الثلاثاء، الأربعاء، الخميس,الأحد، الإثنين، الأربعاء، الخميس,السبت، الثلاثاء
فاقوس,منشية القاضي,الإثنين,الإثنين 1، الإثنين 3,الإثنين 4
كفر صقر,ابن العاص,الإثنين,الإثنين 2، الإثنين 4,
كفر صقر,ابوالشقوق,الإثنين، الخميس 1,الإثنين 2، الإثنين 4,
كفر صقر,الجوينى,الأحد,الأحد 2، الأحد 4,
كفر صقر,الحوامده,الأحد,الأحد 2، الأحد 4,
كفر صقر,الرباعى,الأحد,الأحد 2,
كفر صقر,الشرقاويه,الأحد,الأحد 1، الأحد 3,الأحد 5
كفر صقر,الصوره,الأحد,الأحد 2، الأحد 4,
كفر صقر,القضاه,السبت، الأربعاء,الأربعاء,السبت 2، السبت 4
كفر صقر,المنشيه  الجديده,الأربعاء,الأربعاء 2، الأربعاء 4,
كفر صقر,الموانسه,الإثنين، الأربعاء,الأربعاء,الإثنين 2
كفر صقر,الهجارسة,الإثنين، الخميس 1,الإثنين 2، الإثنين 4,
كفر صقر,جزيره ابو عمران,الأحد,الأحد 2، الأحد 4,
كفر صقر,حانوت,الأربعاء,الأربعاء 2، الأربعاء 4,
كفر صقر,راتب حسين,السبت 2,,
كفر صقر,سمعان اول,الأربعاء,,
كفر صقر,سنجها,الأحد,الأحد 2، الأحد 4,
كفر صقر,شنيط الحرابوه,الأربعاء,الأربعاء 2، الأربعاء 4,
كفر صقر,شيط الهوى,الإثنين، الخميس 1,الإثنين 3، الخميس 1,الإثنين 4
كفر صقر,قراجه,السبت,السبت 2، السبت 4,السبت 3
كفر صقر,كفر حماد,الإثنين,الإثنين 2، الإثنين 4,
كفر صقر,كفر صقر,السبت، الأحد، الإثنين، الثلاثاء، الأربعاء، الخميس,الأحد، الأربعاء,السبت، الثلاثاء
كفر صقر,منشية عبد اللطيف,الأربعاء,الأربعاء 2، الأربعاء 4,
كفر صقر,موسى الطحاوى,الإثنين 2,,
كفر صقر,نايف عماد,الأربعاء,الأربعاء 2، الأربعاء 4,
كفر صقر,نجوم,الثلاثاء، الخميس 1,الثلاثاء 2، الثلاثاء 4,
مشتول السوق,إبراش,الأربعاء,الأربعاء 2، الأربعاء 4,
مشتول السوق,الخشه,الأحد 2، الأحد 4,الأحد 2، الأحد 4,
مشتول السوق,الصحافه,السبت، الثلاثاء,الثلاثاء,
مشتول السوق,المناصره,الثلاثاء,الثلاثاء 2، الثلاثاء 4,
مشتول السوق,المنير,الأحد، الثلاثاء,الثلاثاء,
مشتول السوق,دهمشا,السبت، الأربعاء,الأربعاء,
مشتول السوق,كفر إبراش,الإثنين، الأربعاء,الأربعاء,
مشتول السوق,مشتول السوق,السبت، الأحد، الإثنين، الثلاثاء، الأربعاء، الخميس,الأحد، الإثنين، الأربعاء,السبت، الثلاثاء، الخميس
مشتول السوق,نبتيت,الأحد,الأحد,
منشاة ابو عمر,ابو فرج,الخميس 1، الخميس 3,الخميس 3,
منشاة ابو عمر,الخضاروه,الإثنين,الإثنين 2، الإثنين 4,الإثنين 4
منشاة ابو عمر,الربعمائه,الأربعاء 2، الأربعاء 4,الأربعاء 4,
منشاة ابو عمر,السيسى,الثلاثاء 1، الثلاثاء 3,الثلاثاء 1، الثلاثاء 3,
منشاة ابو عمر,الظواهرية,الأربعاء,الأربعاء 2، الأربعاء 4,الأربعاء 4
منشاة ابو عمر,الفتح بالظواهرية,الثلاثاء 1، الثلاثاء 3,الثلاثاء 3,
منشاة ابو عمر,الفولى,الإثنين 2، الإثنين 4,الإثنين 2، الإثنين 4,الإثنين 4
منشاة ابو عمر,تل الدقيق,الإثنين 2، الإثنين 4,الإثنين 2,
منشاة ابو عمر,طارق بن زياد,الإثنين 2، الإثنين 4,الإثنين 2، الإثنين 4,الإثنين 4
منشاة ابو عمر,كفر المدينة,الأحد 2، الأحد 4,الأحد 2، الأحد 4,الأحد 2
منشاة ابو عمر,منشاة ابوعمر,الإثنين، الثلاثاء,الإثنين,الثلاثاء
منشاة ابو عمر,هانون,الإثنين 1، الإثنين 3,الإثنين 1، الإثنين 3,
منيا القمح,ابوطواله,الأحد,الأربعاء 2، الأربعاء 4,
منيا القمح,التلين,السبت، الأربعاء,الأربعاء,
منيا القمح,الجديده,الإثنين، الأربعاء,الأربعاء,
منيا القمح,الحميديه,الأربعاء 2، الأربعاء 4,الأربعاء 4,
منيا القمح,الربعمايه,الأربعاء 2، الأربعاء 4,الأربعاء 4,
منيا القمح,السعديين,السبت، الأربعاء,الأربعاء,السبت 5
منيا القمح,الصنافين القبليه,الإثنين، الأربعاء,الأربعاء,السبت 1، السبت 5
منيا القمح,العزيزيه,السبت 5، الأحد، الثلاثاء، الأربعاء,الأربعاء,الثلاثاء
منيا القمح,العقدة,الثلاثاء 1، الثلاثاء 3,الثلاثاء 1، الثلاثاء 3,
منيا القمح,القراقره,الثلاثاء,الثلاثاء 2، الثلاثاء 4,
منيا القمح,المحمديه,الثلاثاء,الثلاثاء 2، الثلاثاء 4,
منيا القمح,الميمونه,السبت، الثلاثاء 2، الثلاثاء 4,الثلاثاء 2، الثلاثاء 4,
منيا القمح,النعامنه,الأحد، الإثنين 2، الأربعاء,الأربعاء,
منيا القمح,الولجا,السبت 2، السبت 5، الأربعاء,السبت 2، السبت 5,
منيا القمح,بندف,الأحد، الأربعاء 2، الأربعاء 4,الأربعاء 2، الأربعاء 4,
منيا القمح,بنى قريش,السبت 2، السبت 5,السبت 5,
منيا القمح,بنى هلال,السبت 5، الإثنين، الأربعاء,الأربعاء,
منيا القمح,بيشه عامر,السبت، الثلاثاء,الثلاثاء,الإثنين 4
منيا القمح,تلبانه,الأحد، الثلاثاء,الثلاثاء,الأحد 4
منيا القمح,زهر شرب,السبت,السبت 2، السبت 4,
منيا القمح,سنهوا,الأحد، الأربعاء,الأربعاء,
منيا القمح,سنهوت البرك,السبت، الأربعاء,الأربعاء,السبت 5
منيا القمح,شبرا السلام,الثلاثاء,الثلاثاء 2، الثلاثاء 4,
منيا القمح,شبرا العنب,الأحد، الأربعاء,الأربعاء,
منيا القمح,شلشلمون,السبت، الإثنين، الأربعاء,الأربعاء,
منيا القمح,شيبه قش,الإثنين 2، الإثنين 4,الإثنين 4,
منيا القمح,قطيفه العزيزيه,الثلاثاء 2، الثلاثاء 4,الثلاثاء 4,
منيا القمح,قمرونه,الإثنين,الإثنين 2، الإثنين 4,
منيا القمح,كرديده,الثلاثاء 2، الثلاثاء 4,الثلاثاء 4,
منيا القمح,كفر ابوشحاته,الخميس 2,الخميس 4,
منيا القمح,كفر شلشلمون,السبت 2، السبت 5، الثلاثاء,السبت 2، السبت 5,
منيا القمح,كفر على غالى,السبت، الثلاثاء,الثلاثاء,السبت 5
منيا القمح,كوم حلين,السبت 2، الأربعاء,السبت 2، السبت 5,
منيا القمح,ملامس,السبت 5، الأحد، الثلاثاء,الثلاثاء,
منيا القمح,منيا القمح اول,السبت، الأحد، الإثنين، الثلاثاء، الأربعاء، الخميس، الجمعة 4,السبت، الأحد، الإثنين، الثلاثاء، الأربعاء، الخميس,السبت، الأحد، الإثنين، الثلاثاء، الأربعاء، الخميس
منيا القمح,ميت بشار,الأحد، الثلاثاء,الثلاثاء,
منيا القمح,ميت ربيعه,الإثنين,الإثنين 2، الإثنين 4,الإثنين 4
منيا القمح,ميت سهيل,السبت، الأربعاء,الأربعاء,السبت 5
منيا القمح,ميت يزيد,الإثنين، الأربعاء,الأربعاء,
ههيا,الزرزمون,السبت 2، السبت 3، الأحد,السبت 3، الأحد 2، الأحد 4,الأحد 3
ههيا,السلامون,الإثنين,الإثنين 2، الإثنين 4,الإثنين 3
ههيا,الشبراوين,الأحد,الأحد 2، الأحد 4,
ههيا,الظواهرى,الإثنين,الإثنين 2، الإثنين 4,
ههيا,العدوه,الثلاثاء,الثلاثاء 2، الثلاثاء 4,الثلاثاء 3
ههيا,العلاقمه,الأربعاء,الأربعاء,الأربعاء 3
ههيا,العواسجه,الإثنين,الإثنين 2، الإثنين 4,
ههيا,الفواقسة,الثلاثاء,الثلاثاء 2، الثلاثاء 4,الثلاثاء 3
ههيا,المحموديه,السبت,السبت 2، السبت 4,السبت
ههيا,حسين تيمور,الثلاثاء,الثلاثاء 2، الثلاثاء 4,
ههيا,حوض نجيح,الأربعاء,الأربعاء 2، الأربعاء 4,
ههيا,شرشيمه,الإثنين,الإثنين 2، الإثنين 4,
ههيا,كفر حموده,الإثنين,الإثنين 2، الإثنين 4,الإثنين 3
ههيا,كفر دبوس,السبت,السبت,
ههيا,كفرأبوحطب,الإثنين,الإثنين 2، الإثنين 4,
ههيا,منزل حيان,الثلاثاء,الثلاثاء,
ههيا,مهديه,الأربعاء,الأربعاء 2، الأربعاء 4,
ههيا,ههيا اول,السبت، الأحد، الإثنين، الثلاثاء، الأربعاء، الخميس,الأحد، الثلاثاء، الأربعاء، الخميس 3,السبت، الإثنين
